name,tiempo,iteracion
8,3.24922060966492,102
80,3.23700881004333,102
800,3.35366630554199,102
8000,4.55455446243286,102
80000,16.2673902511597,102
